queryterm,urlid
charles darwin,d54 ,d55
evolution,d1
evolution implies that individual organisms can evolve during a single lifespan,d66
evolution theory,d4
evolution turkey schools,d64
evrim teorisi,d38 ,d39
he forces of evolution are most evident when populations become isolated , either through geographic,d61
henry huxley,d12
hey,d29
huxley darwin,d12
modern synthesis,d59 ,d60
modern synthesis is connecting natural selection , mutation theory , and mendelian inheritance into a,d59
origem das especies,d56
over time , species evolve towards being bigger , stronger , and more intelligent,d61
past , present , and possible future of interplanetary missions that are planned by the nasa,d5 ,d16
people evolution best books,d36
people evolution during time,d34
seleccion natural darwin,d48 ,d49
sintesis moderna evolucion,d50
story of evolution,d21
teoria de la evolucion,d6 ,d9
teoria evolucion darwin,d9
teoría de la evolución,d6 ,d9 ,d17 ,d51 ,d52
tesla motors,d19
theory of evolution,d1 ,d2 ,d3 ,d4 ,d10 ,d15 ,d18 ,d22 ,d57
theory of evolution' ,d4 ,d63
thomas henry huxley,d12
thomas henry huxley charles darwin,d58
thomas henry huxley era amigo de charles darwin,d12
turquía debe dejar de enseñar la teoría de la evolución de darwin en las escuelas secundarias,d11
what is evolutin,d4
теории эволюции,d40 ,d41 ,d43 ,d44 ,d45 ,d46 ,d47
